id	filename	md5	size	state	project_id
33daf7a6-92d6-4193-af31-43ba0dc42f7d	e78cab9d-1b43-4416-8dbc-78d51558d895.FPKM.txt.gz	95639d4bee15a24f4c2d1547676410f4	514368	released	TCGA-OV
ebdc9560-9c40-4e2a-ac48-0367c3652098	87ccd166-7fbd-498c-b03f-d4c369ff30ef.FPKM.txt.gz	aee909ecd8a46b3bc0b30e6c3c01455c	543176	released	TCGA-OV
efc5b79c-18d2-4985-853a-589ef8113c4d	a1c4f19e-079e-47e7-8939-3122c56bbb98.FPKM.txt.gz	c6e8debd087ff0fd0975d4c7e60c9cf7	521349	released	TCGA-OV
07214e5e-0374-451b-8081-11c815065e48	85fe5749-1fef-49a2-bbac-9200c3c5a1cb.FPKM.txt.gz	f772314809785220b3deddb4ef48c597	550972	released	TCGA-OV
76111e51-9170-4486-a4ce-f7b9064a0e1b	2ab2d4f1-4171-4326-91e1-e2c795004468.FPKM.txt.gz	f1c2ad33a0c7925c709fd2e691878118	546236	released	TCGA-OV
03797a1c-5269-4177-9712-be7c0f12976b	a65ae799-abca-4512-a65f-04f775818ab2.FPKM.txt.gz	112668c4b35e4edf1128f0eeb39739d5	552156	released	TCGA-OV
ae81b121-4ee4-40b2-ab69-5821d992c0e5	cf926727-8d8a-4dea-87cb-18aeb4ab216d.FPKM.txt.gz	8c74d42454baac96a6238d9c7876e94f	537440	released	TCGA-OV
fd9bbc4d-5b8a-406e-a6ba-ef6ee3d1c402	1865f7a2-31da-4e7a-8cd5-a4c15372ffaf.FPKM.txt.gz	c8e1d00409273593755700ff8d4848a6	548027	released	TCGA-OV
faa2a901-3178-4999-be80-e8b2514ef5fc	f84a525a-7fab-4c5c-b37a-6027787ee817.FPKM.txt.gz	5b3022eaffd9822471f864967414e213	553252	released	TCGA-OV
a10d7474-5af9-46f4-bef2-17a74aad21e4	43b0eb35-8278-440a-a743-fd91ca544b1b.FPKM.txt.gz	8bd8c1864bc605bcf38eebc354393500	553766	released	TCGA-OV
14fda3cf-2e4f-4e69-9522-6f278938629b	34e382cd-6fef-4386-8a30-cd1c8f889f30.FPKM.txt.gz	da6c18cfbb388b1b071e07065ebd4507	541836	released	TCGA-OV
b02d012e-7338-4443-a1b6-d827ee69c6f0	1e10d520-3bcf-4edd-93d0-03be32f7e8d7.FPKM.txt.gz	3ec4497c22f3ea983294873d3055bec9	524881	released	TCGA-OV
9c99884e-55d6-4da7-ac9a-740637614bac	195a13be-31a4-47ce-bc3d-6aba8451e304.FPKM.txt.gz	c56ef4dce8b707b23b658afe4f7061ad	548393	released	TCGA-OV
42840735-5f46-4d58-a858-8715180e17a5	9e198dfe-9fc6-48e2-ba06-90c49ddf48aa.FPKM.txt.gz	f06b5aa3774293dbf494b5f18f71244c	526617	released	TCGA-OV
37668be6-89e0-4c0b-8dd9-45987bf2eb29	111d4d64-e1cc-404d-8fa9-ca0a545041cb.FPKM.txt.gz	862d12f4366ebbcf01fa35f76987a811	532994	released	TCGA-OV
321f92d6-2281-49bb-bbd5-4828ffb331c8	b90ceb09-1097-4c53-ae4d-0e7acd0ea8df.FPKM.txt.gz	420c064deb4133ff492f19415f402e1e	557265	released	TCGA-OV
edf1acff-afb2-4ec9-a33c-874a177c118c	5dbeb062-22ba-4057-afd6-8627f1ac9500.FPKM.txt.gz	01d715aad9cd5f7107782ad452654ab4	566678	released	TCGA-OV
05802745-622e-4d02-8bdf-c60a1a732445	52a3d27b-f415-4e7c-8000-957574724cfd.FPKM.txt.gz	afdf9fbb88600aacbe789d8c8b142a47	552400	released	TCGA-OV
b9d76f40-a46a-4af1-b6fb-e52a7ce8e2bb	67bee95c-2a85-443b-b662-28103dfefdd4.FPKM.txt.gz	bdf02e98a3e40ca22e35ae2518880fd7	566112	released	TCGA-OV
3cc2b0dd-69d2-46ea-91d1-dbe10a1688a9	24a15ca8-0811-4131-baa1-94f904973ecd.FPKM.txt.gz	6e2a305d2b5a76230bf2061624f5ae24	545817	released	TCGA-OV
7164c85c-65b8-4b7e-8e8d-232baee08856	fda19653-d2d3-41f2-9122-72e892fd2853.FPKM.txt.gz	fe20851674a315c0245ec318c3136ebb	513396	released	TCGA-OV
a70ce133-781c-4f76-b55c-99d86f3b5835	65c32518-eda4-4a4b-8d39-00a28936664d.FPKM.txt.gz	ebe8e14f35fe5b1825892eb78072883c	553814	released	TCGA-OV
f1fa41b1-4276-4853-81af-9f54e0756bbb	59bebce4-6006-42a6-8d73-c6ef8fb3c9ce.FPKM.txt.gz	d3f2bbe8513e393aaefec1eee3054006	538138	released	TCGA-OV
f96bac50-e2b0-464c-a101-5502ab7c85f4	12c8b289-b9d0-4697-b3a6-db8eed617937.FPKM.txt.gz	859b4543eb2065ab0214b9ab6e10e6a6	546539	released	TCGA-OV
1983643f-26f3-4b06-9e03-b7b493e4dc0f	60deafcb-603b-4eb8-92b1-28656a674581.FPKM.txt.gz	c386e344430423993d708ec33d7a1f3a	530635	released	TCGA-OV
c1fdad3e-1fca-4343-8c47-7359631aa181	c6287ac6-570d-4431-87b3-290db2dbe58b.FPKM.txt.gz	3b0d6cb06353831940b5bbfda9b4fdb4	528118	released	TCGA-OV
b234490a-ecbc-4eb7-bb4a-8138f5201087	7dfc4c0f-bb68-4ac1-95fc-e2a3fee16704.FPKM.txt.gz	1ed2c79f6acc1465414940842e9ad486	544166	released	TCGA-OV
a91fd150-25d7-4ea1-8a40-f957c85cb268	9f8c8f79-2581-48fb-90bb-5d3e898689d6.FPKM.txt.gz	fba0930304928c929968bc7e7f244a07	551799	released	TCGA-OV
9fffc346-0609-4db9-a264-bb34901af0dc	56427511-2167-465f-bdde-689b895b3d4b.FPKM.txt.gz	63069f5a6aea34975ba42839aa097848	505694	released	TCGA-OV
cfed68d7-e813-40ee-bd02-82f865b5926c	39ae7d32-a9c6-4599-a860-5c25e05899fb.FPKM.txt.gz	55acea1942d79e2ecc9381af6cb8abba	538202	released	TCGA-OV
45188140-6690-4870-8614-6a253727aa9e	0ab0f22f-bfeb-4a5e-bd8f-f0fb30eac992.FPKM.txt.gz	381035873e2d7877056b725fac0af485	541088	released	TCGA-OV
65905bbb-2ac5-431d-acdb-a48262fad62b	af11caa0-a20b-4c17-8207-0a1142edd9a9.FPKM.txt.gz	23381bd8e32a6e2719440926e970a267	534298	released	TCGA-OV
f3750e3e-24c8-4bd4-97bf-a95cf0bacdf8	875c2a27-9732-4b8a-affc-8ea591595a43.FPKM.txt.gz	64b29ad90b802b3f5f8e69786ffa5781	551047	released	TCGA-OV
dfb41f4a-a3d0-4249-a2b7-6f2d8fdf7029	7093a0f5-822d-4f61-9adb-fe9adbbff769.FPKM.txt.gz	c9ba291ac16616325c7ea6e7abf3f6ae	545853	released	TCGA-OV
3c6c1f9d-a10d-45eb-9bba-3d2927f7a540	f9dc7237-e186-40e8-ab4c-d142dba7cf3d.FPKM.txt.gz	1efd635743f8b8d43b0d4abb39d899ab	548579	released	TCGA-OV
6e0c932d-3c8e-4fb4-ab77-f8d23f4f36b0	08dd298e-9a5b-495f-8f5f-42998ae6dabf.FPKM.txt.gz	3eb4fc66b1aaffbf79000a236582733b	523129	released	TCGA-OV
9fbbf2c0-7261-4a74-a0ca-4ff34b0ec0fc	a090ec54-edf8-4188-9bfc-add752bdaefa.FPKM.txt.gz	cfd1c8847be4ae2cb1832aa517e8f662	521290	released	TCGA-OV
a04f3811-feb1-4693-ac2f-c5047d6e0b5b	4f715b36-328a-4d62-8cf8-28cf65f73841.FPKM.txt.gz	c915e85c1f9362ef328c2d83f11e980b	557475	released	TCGA-OV
4b3733c0-4027-4bea-8f8f-81ef74ceb992	8822cd66-d592-4601-a81a-caf939cb8882.FPKM.txt.gz	2fa42e5c2c1a9bafbcba16162620e205	547712	released	TCGA-OV
12ffdeea-aa91-465b-a9b4-75558ca59f91	062b6d0c-06b0-4d27-8702-32501278cd9c.FPKM.txt.gz	d35e34f41587f1c321e6d5be5edac66a	563766	released	TCGA-OV
66b0719a-6ba1-4a5b-a8f1-fe647a61fe05	c5e8e5e5-91e0-4e3c-97ad-e1cb63aaf70a.FPKM.txt.gz	f1ffad918a1f660db46f948b5b84ce80	547408	released	TCGA-OV
ace60ae3-00c4-4ee0-977f-01bc185f9479	5d0bb715-68ef-4688-9d58-0f18478e6a5c.FPKM.txt.gz	ca81eb8f19ebca23642b6e61250af3ef	486140	released	TCGA-OV
35b1d822-e6dc-4455-b0ba-718374406ea9	d85fe825-5437-4717-8848-45e1290dd928.FPKM.txt.gz	be03137250b9241c460b5428efdd3041	535923	released	TCGA-OV
9d74c848-b380-4066-841a-4adee9a81c64	caa50267-cc68-4ccc-b506-49a89b163510.FPKM.txt.gz	765d44627ed13cc1d5b9276a9c9b843e	536359	released	TCGA-OV
d84b0499-1609-4037-b9cd-756f847cc8dc	65d87c44-cb1f-4889-bdfa-4788f7183ae1.FPKM.txt.gz	01bf567745eceef47014dbcc169e7107	503244	released	TCGA-OV
fb53a599-3acf-45d6-915e-3880eb1c6f84	c65d79cb-b639-4030-97d9-ddb84bc39195.FPKM.txt.gz	1576442898ea3041797a19b62a3e57a1	568851	released	TCGA-OV
ace587d9-53b0-4808-ab4b-7094558eef13	ac6dbd3b-d3fc-4126-b637-e6be2e7454db.FPKM.txt.gz	8c4cf31e2cbcfe3adb12615c251045e8	555008	released	TCGA-OV
6685601a-cec0-4ddf-8f3f-97d17d678b97	f8cef5ad-7841-4f50-ba42-55e11ed1fc36.FPKM.txt.gz	1951f7040a829be79cc302f997125489	557853	released	TCGA-OV
7bf364b5-e86d-49ea-8224-83bee125396f	e47d5da5-4752-46d0-846f-f626be1793ed.FPKM.txt.gz	47255617ee3c8c9f40970537b7d952e9	527699	released	TCGA-OV
abd0b6b2-9622-4665-a546-8e54ddb5b05d	5b23f813-9970-485b-8577-ab2f3c029c26.FPKM.txt.gz	1e53dc794eed7d7a309fc9096e152f6c	556543	released	TCGA-OV
ff01c547-ada6-4815-af26-e00c08bb2967	44c2a2eb-6671-4951-9088-cdf4c23d60d8.FPKM.txt.gz	a6611f7186df8ac6d4fa885bf45b1c63	548385	released	TCGA-OV
01110b2a-021f-49dd-bd5b-2f115d60a588	4c6f3410-7bb6-4be3-a4d1-b3717279b212.FPKM.txt.gz	80cb357d96eaa4719abe1ec80620bc94	557291	released	TCGA-OV
b13dbed1-030b-4662-b7f8-9158627ab9ee	d94e4aa8-366d-4330-a08c-b543fc0bd18e.FPKM.txt.gz	f4c8dfb80126ac1afb970b7dc3186de1	540040	released	TCGA-OV
81abfbcb-0e3e-41ea-af6e-bad25fe1c291	ad9a29de-7c46-4caa-a802-b18053b4e32d.FPKM.txt.gz	114d9ddfe0b985739470749dc80e1d8c	512860	released	TCGA-OV
242f78ae-3cbf-455f-b7c0-d53af733b196	30b1f3cd-604d-4a13-a196-1216658c87fa.FPKM.txt.gz	ee77a4abba2a2269bdb47c6c8f991410	556977	released	TCGA-OV
d38de3c0-75e5-4a76-b0f0-2941ca314836	568de3f5-ff1b-4dc2-9a8b-1a3034e58ee0.FPKM.txt.gz	989ecd84d520a2905fb5040d3c734421	545509	released	TCGA-OV
bf171722-fc0b-458a-9b82-1262b99fca80	5817ee66-fd3b-413a-a479-9a89a5a28a99.FPKM.txt.gz	6f358c948de2ef207d5d7c7cd3a9872e	557553	released	TCGA-OV
f111b60c-ab96-4cff-af79-66781e48e97e	765c9c00-fbd8-4dac-89da-a4cee971e8bd.FPKM.txt.gz	d8efbe92309e087f971315d826b8a9ae	518898	released	TCGA-OV
23c42c4d-dfcd-49e7-b424-ee64378c720d	9c6f2d76-7701-434e-a876-c04ab14cccea.FPKM.txt.gz	df639511722d3663a85d8b7ae856b90a	571047	released	TCGA-OV
0bfe5d00-fb16-4014-8c0a-7bd23bb2fd49	e78e6e23-183e-4492-8b69-28cf7c2623f4.FPKM.txt.gz	f893b5cffe9c8fe2626960beaee96034	543352	released	TCGA-OV
984e407e-9c35-41ec-abcb-2353259800d4	53ff71a4-9487-4ae6-9d25-f55cfb70cf81.FPKM.txt.gz	ce3e84ab1f6e7b2a560b44c035154491	531345	released	TCGA-OV
ff9b1e95-a2f7-4de4-980c-f9c9fb508064	7163f82e-33ef-4a92-946d-7dd07a9657af.FPKM.txt.gz	49abf85fa700d997b741ce11c0796bbe	555597	released	TCGA-OV
0f5c24c8-a91f-4475-a46f-a145258575d1	0f878485-4f73-45ec-8d2d-b89850813aa5.FPKM.txt.gz	c390f068656b65afdd3ee7d87fdb11e5	534339	released	TCGA-OV
878f98d9-5545-4ff5-acac-937aa8ddb0e7	c773cdc3-7702-4833-9b12-ba954ac4b357.FPKM.txt.gz	6c01c25ea0461cefc1c72146522c0244	542772	released	TCGA-OV
5cbbf4fc-cac9-4283-8949-a0ce09d563bf	d490312c-c941-4336-8b94-163881b72be6.FPKM.txt.gz	8b4c3b68980d06f87daa246836bf9bfc	574498	released	TCGA-OV
1145502e-94f8-4b85-8314-018250d116c8	e956031b-931a-4ccc-b0d5-51cb1ab9baed.FPKM.txt.gz	2d8277754abe8323fc78d3f4ef40cc55	567097	released	TCGA-OV
e692bd50-fb87-4ceb-8280-7c13e0884bcb	f27920c4-1504-45ef-8933-65f42ec9ab98.FPKM.txt.gz	1d0045db8dbfa99545d9c888cf2279e9	564556	released	TCGA-OV
86d8cea3-e351-4787-b04c-0d37e74d428b	d26ea6e6-8770-486f-9d79-249e5b039606.FPKM.txt.gz	ddafbea7cca64f425b21764d01a0ef17	527828	released	TCGA-OV
47528369-4428-4cab-9714-c894750e4804	590b183e-6bd5-4e23-b41c-7301575c4aa6.FPKM.txt.gz	af3ebc4ce6bd54a23d4489ecfa7af1f9	519927	released	TCGA-OV
27d54f14-5e0e-43a9-91b4-4ef94310715a	d7191f19-150b-4175-83a7-21052fefc488.FPKM.txt.gz	e6dfd0dde20ada7279dfb552bd80574f	544469	released	TCGA-OV
67c2a0fb-3bfe-4974-9a68-50e290c9305b	5ee01776-d2f8-433e-8dca-761151099491.FPKM.txt.gz	a4cb4ed8c64191c8fe5abd0be8e06c2f	554801	released	TCGA-OV
b59a912e-e99d-470f-88be-0ad871f4e020	bb94288a-d4c4-4811-bcd5-7306891779fd.FPKM.txt.gz	c52e57cc8b88069a1b6bc89f1c961570	552808	released	TCGA-OV
151ac13e-1e9f-40c0-97cd-5afb46a5bd3a	297978f4-9907-482f-89db-3a0a2a0f19a8.FPKM.txt.gz	d66e074e7840bdd1da427f3342b2dd8c	564037	released	TCGA-OV
55c6b39a-75aa-4d09-b7d1-600f6a8437c5	b1808878-10a4-4024-9359-70d7ef17a439.FPKM.txt.gz	54d8bd433b3f97f793b070472311e577	545812	released	TCGA-OV
1a7f28da-b214-4d7f-b81c-ac8753034eda	7f0f3d94-1376-470a-a959-cd56039ae10a.FPKM.txt.gz	140f21b12ac0622261feb5567e44bb20	530847	released	TCGA-OV
87468f4f-133d-47c2-bd80-ffe43114d5c0	7fb4f0f7-027f-4cf8-b8bc-43ca398c46e8.FPKM.txt.gz	5a17524ad5888e24dd1c51583a5596a5	564049	released	TCGA-OV
e4612880-8f60-4745-9bf3-8cbaac336121	7c4769c1-1907-47ea-98f7-26cd438d022e.FPKM.txt.gz	7b41661f6d9fe2eb209ea9ac444e4efa	520730	released	TCGA-OV
019a78d2-7d88-4635-8b79-06539962b8b2	8bb54b5a-d23c-46a2-839e-32355236477b.FPKM.txt.gz	e4ea6cc999dcd9c844a40fbfa43371a3	543702	released	TCGA-OV
b97bfb53-8809-45f7-8f4f-09c1362311ba	e6993299-9429-4689-acb9-1fff67ce6642.FPKM.txt.gz	59fc779c7cb32e3b3c9573549fafde33	515138	released	TCGA-OV
f064b14f-7b5f-435f-b173-eefd1cc0ba3b	60da3a1a-65ee-48fa-a08f-88b6d52a18c2.FPKM.txt.gz	b05a0a81708e9899852b424673c7a2c5	566246	released	TCGA-OV
80751a84-3bfb-420a-9caf-042442b6da59	4e1c9b43-bfd3-4242-9d55-66ad4b66d84f.FPKM.txt.gz	8f72fd7349d208ba14def8ef07537216	546188	released	TCGA-OV
c373c2ce-3f2b-40e8-b47c-a851deac7110	9d80d1a6-3a9c-42ca-8139-c88659088638.FPKM.txt.gz	9f3d147b2b386e5cca4184be0128772d	565532	released	TCGA-OV
a226ccd8-0fff-4a0b-9212-773166460db3	bd727430-2539-4897-a754-2c8d8de59f9e.FPKM.txt.gz	bcb87f2745846bd8365350516d4571a5	561073	released	TCGA-OV
590719ae-f98f-4dc7-bfb9-5c63befcfaf0	5112a69c-c9ec-4c72-b93d-31f110d74eb1.FPKM.txt.gz	4f38eb9cd877dd948c03eb528fed59df	557202	released	TCGA-OV
46eddfa6-3b2c-4890-9afb-9f7f7c3d2bac	fb4b490a-de40-4f75-919d-4fb180647eca.FPKM.txt.gz	8f6074a2c5043937db33c2a5f4f5cb1b	529794	released	TCGA-OV
0bb0cc26-916e-4b23-8aa1-1bf99ce815dd	f00793a7-8ba8-4486-95d1-3ea0beae2508.FPKM.txt.gz	4635df8fba445fb3ac9bd07ddf5f3955	575707	released	TCGA-OV
9f22e460-f8d9-449d-a43e-0a37ec1f4708	773a7fb2-61e4-4a6a-9eab-1cddcb8b83cd.FPKM.txt.gz	606f7fcb3e4c20e157791169041686bf	545408	released	TCGA-OV
156e4517-be8d-460b-a937-100fd99329ca	69134f9d-2738-4fc7-820d-0fb80b699480.FPKM.txt.gz	648cd82a6cf75ad174741eaf32523dcf	531908	released	TCGA-OV
095a793d-715d-4c45-9f37-84f2b5439a96	d7be2882-fa19-4a0f-937e-286066dd0642.FPKM.txt.gz	9cb11dc26db38aa0b28755fa30231f8e	568460	released	TCGA-OV
4d46f725-38f6-4441-9dfe-f0cba9710c37	995b85f1-d46f-4989-a4a0-2a73b5df69bf.FPKM.txt.gz	b3e78a3d44aea5f921c237c1ec1ea9fc	529451	released	TCGA-OV
7fffc4bb-29eb-4ff8-a42d-a10178447b76	1be906cc-a22b-4c94-975b-d0d68257f4da.FPKM.txt.gz	6c78db2da0966359fc65fa5b604f41c1	535619	released	TCGA-OV
f740aa33-8086-48ce-bb6f-5833ce6c8a13	bde7dae9-5985-4195-b22b-cc0babb99c75.FPKM.txt.gz	cbd951d9feedb53d6e3eec3e8e5ba19d	527194	released	TCGA-OV
7084a773-9f9e-44a8-acb0-6f4ba386fadb	c96b872f-d842-4e6a-8845-59308a28c279.FPKM.txt.gz	70c2b5b4cf01352de69ab1321d6b6519	542720	released	TCGA-OV
ec370b32-370f-48f5-abe3-0910ddf8fced	72bb9902-d411-494f-98ca-0e273967b96a.FPKM.txt.gz	1ec50ee79e131949ea147feb74bdbb21	537448	released	TCGA-OV
d23faed8-4997-4c88-8908-744de7d867cb	6e40a1e7-9ff6-455f-8f70-77611a66088e.FPKM.txt.gz	9b1edd1646eff6393e51d2772a8ea08f	544048	released	TCGA-OV
5c12ed0b-7961-46c1-ad2b-7c38764eef2a	d7e6e15d-d26c-43f3-b0a9-d5a4dc861e9d.FPKM.txt.gz	fb6c943e70b03d5862623829948f39b4	555925	released	TCGA-OV
0d11203a-35c8-4e13-9e8a-934ec9505645	a72d4647-2034-4bc0-9a58-db0f97b7e76a.FPKM.txt.gz	c4c700da2b5dd98e5348f7d49f928f8c	533953	released	TCGA-OV
b0783e38-4e4f-4fc0-a1f2-e0b7629052da	3e00e8aa-31bc-454e-b558-7bcbad5f47ad.FPKM.txt.gz	94237e9912de28c0aadafcb6ca6fc91b	535746	released	TCGA-OV
5fb6f413-9327-447b-99b5-71a2d9c2a516	b1d5c444-da0d-4360-bd45-31c94217adfc.FPKM.txt.gz	0220f8414f0ceaa48519f179feb04487	545079	released	TCGA-OV
6a3c8bc7-ee2c-4bd6-9064-dc7242d342e6	7b707153-0a5f-4923-a3d3-a53a798d4259.FPKM.txt.gz	449512e4b84d1331a6cb494d4e7a8a65	545980	released	TCGA-OV
c17a8162-bb3c-4678-b4e7-7a09b5031d1e	06884e47-0650-4748-9f4e-b8cd9f24795c.FPKM.txt.gz	49b0268a158f1ebd62bcd1997cfded1e	565892	released	TCGA-OV
f0992996-dc78-4c39-8e20-f6809a7050e5	25577d95-744c-45a8-b84a-a9c1b51c2baf.FPKM.txt.gz	b95eed47841e4895a17eebf99c4c2998	538240	released	TCGA-OV
f4f0d1f9-00fe-4802-ba32-b76024c8f3b6	6c962389-a73a-4627-8a2c-41e4a1cc8df3.FPKM.txt.gz	db0bbb10b280c3d47eec12bfa61f4fb0	523987	released	TCGA-OV
08f401f4-ab48-4819-aa7f-a054da293387	effcab37-0ee4-422d-9d51-5cdbb78d2db9.FPKM.txt.gz	4f3a173e6bfc4c1e74c3ff8760604c3b	554945	released	TCGA-OV
3afdf30a-c343-45e7-9bc1-df02bd906122	3769209b-a12f-4a84-9d68-0e1c934e5aea.FPKM.txt.gz	e057128cf6bb6b715a4c693c8038942f	541926	released	TCGA-OV
5cb07948-79d2-4820-89ec-b0a296ff4943	5a8d910c-004f-4368-ad4d-0e8deec45384.FPKM.txt.gz	177d04453eac65360b84de19ff51f106	536616	released	TCGA-OV
13dad2b0-561f-4c79-b6c7-7f1b79f1d2a9	829fbe64-5c02-4a8f-96e6-9e251c776107.FPKM.txt.gz	8cc2fdbf2ecc772da475b0a27c14ce04	541189	released	TCGA-OV
d84cbea0-b9b6-4cd3-afa2-1b49e58ab030	f8397fad-30b3-41a1-8d44-52d939e77a06.FPKM.txt.gz	152ad029f76177712b91da037fc5bde9	554919	released	TCGA-OV
56971530-3e33-4672-abec-b2e6d8b5c22b	b9aa8d09-5536-4b37-8259-8018bfa6d886.FPKM.txt.gz	732897fc87780043d776a56e9e24b3d5	542724	released	TCGA-OV
3fd1a4a8-eb55-4ee3-a2ef-4ba26730f29c	1e0f7f1f-e4aa-43e6-a6c1-bc4a0439d3af.FPKM.txt.gz	f7b8c8972a207d31de3e66336db13464	553334	released	TCGA-OV
1b6c5572-04a8-4544-9a90-41d34629bf3f	aac2baeb-b9e2-4e94-82c5-8d591d90cf91.FPKM.txt.gz	4fa29c14f3ad336d5e710373a7ea8e82	549082	released	TCGA-OV
8fb9e0e2-93e2-4a23-9098-c314653653bf	21fccc2c-bc60-4ed4-ba78-5dfbb0d5f498.FPKM.txt.gz	792b590e4849b1e0ed17de911432f60c	546366	released	TCGA-OV
276ea368-9be8-44fd-b13f-cb6e7fcc5924	eeb18b62-a0f1-4af8-8115-cdaeaeef0f32.FPKM.txt.gz	82e46c4529db4e07e2317e287ff6220b	520107	released	TCGA-OV
0d14d8dd-3579-41ba-bc48-a593c6b1c04e	5fa4dd02-be02-480e-a8ad-ae89bddc17b9.FPKM.txt.gz	0682284e5849c631bd969e3b3b44b982	561657	released	TCGA-OV
69764a31-7a9e-45fd-8866-8dd05a8ae061	273c58d9-1f2a-491c-8487-408f751a7a3b.FPKM.txt.gz	60ceff754cfbbb88b51b11d36c6e12a5	555370	released	TCGA-OV
20c6a63e-7a36-41e8-8e97-72ac7ad7de27	511ebfdb-5384-4dac-9ea3-8916b541a7e9.FPKM.txt.gz	b75a4082874f0c1f382d176d6289d113	492728	released	TCGA-OV
18957652-74c7-4077-9f74-836c569e22d8	d04892ff-0ddc-45d1-93a7-abe21c67eb94.FPKM.txt.gz	9d70e78047033911948810d20410710e	525950	released	TCGA-OV
a4c784db-9c5a-4f9b-9ad1-5cabd4dd21a0	98e7898a-bd2e-4c49-9f76-aea65d7960a3.FPKM.txt.gz	af6ff58cff44ce5ebb1ceb7f36e7edc4	515915	released	TCGA-OV
aae74737-8c72-4abb-aa1a-1b2d4fad53f3	2a4a2670-4ad4-49ac-8571-477c44201219.FPKM.txt.gz	66d0b1c3ab8e1022db896efad43056a6	506312	released	TCGA-OV
e5019ce2-7381-41bd-8b92-5a0eef6e1b22	59633988-fe8b-4f38-a6ef-06910fef0846.FPKM.txt.gz	9bb63ef1700eeac27197d3dc2c47858e	507725	released	TCGA-OV
75d213a9-62eb-49ca-8954-f4cda735a074	a085cea5-b7ca-449c-b218-07c7715ca736.FPKM.txt.gz	40dc947c3d547a61c66fe7a3e07bab6d	555817	released	TCGA-OV
48ad5bc1-13ce-4a50-82fc-29e7ea9eecf8	47ecef21-f50f-4da1-a267-4466eca80b28.FPKM.txt.gz	07d814f8c6ce97e1cf9ea21a2bec6a45	568236	released	TCGA-OV
708d4ecd-f4ef-4e0c-b21f-a46ed52e1e0c	e0b32572-2ff9-4929-9917-83624e63aa2a.FPKM.txt.gz	c431612bec4bb227e1b9db12ec8e320b	530410	released	TCGA-OV
17cdd863-1dfe-44df-821b-27db946013d8	043993e1-370b-4bdc-8783-be65b97ed886.FPKM.txt.gz	be6e113cf5b36fa1c0e18d360ad2c79f	552586	released	TCGA-OV
28eb1a82-33ae-4024-b50e-990c083c9f3d	4d337bb6-8e53-4142-8c22-432bce3e754d.FPKM.txt.gz	5c3e48672480f4eba940b1536a084664	507027	released	TCGA-OV
0fcd50f3-71b0-4c52-8468-42561f4d60a8	320a6126-c3fc-483f-b79d-b15700a51997.FPKM.txt.gz	170cce6febf4cf8aecf7b03b7ca38a0f	571064	released	TCGA-OV
e497f5fc-8ad1-42ff-b8d1-3eac6412402e	094dbc70-aa59-40b1-8ceb-1ce6e5e6bf01.FPKM.txt.gz	00d207cd4307584c9a0213e07e03d5af	542077	released	TCGA-OV
7c95213b-2151-4e31-a682-dec4335b443c	e377a906-e48f-4f6c-998e-7f914b8cd712.FPKM.txt.gz	f5069e8be4d870f95968597ef69bc63e	546904	released	TCGA-OV
97c8d9ca-fd9d-42d6-b94e-73e681a47b28	ff54b7b3-1622-43f7-a9b3-96a99384999b.FPKM.txt.gz	b0a8bba6ac3be70c3b16551fc0f865f2	550004	released	TCGA-OV
262058c1-e106-4e4b-b4c8-f6268a5f54f8	b322d383-64cb-4033-9b44-872ad37acc4a.FPKM.txt.gz	53fb52fb5de4e4a7a34040d3e002826c	560812	released	TCGA-OV
c9441f91-9b58-41f2-9550-e866d1902e59	d1245eee-b6b7-42aa-856c-79148869cb2b.FPKM.txt.gz	8b026554ad44b8b92350eacac275e5a6	557174	released	TCGA-OV
1f45d54a-e825-41dc-8006-3f3dd936af40	9a420e2d-15c8-41f3-859f-25872765f75e.FPKM.txt.gz	43d88faf94e663eb57a74753386e7210	528045	released	TCGA-OV
39b646d2-218a-452b-bad6-1f8cf00f8633	6aa7225b-3d10-4b19-a472-0adeb21c26cf.FPKM.txt.gz	8ad5ae3357ef2a0ce8c111b3f9104e77	534621	released	TCGA-OV
d6965d3a-fb07-4010-a170-5c4809e10765	a2082ad4-279e-422f-b5a7-cb7fbeb7a6df.FPKM.txt.gz	d7709e10354b6dc6f1bef7ae61d2fd02	565720	released	TCGA-OV
f4223a13-1c18-47be-9473-e7e00e399c6d	03c8a50d-0484-42e6-ade8-d214684f62c9.FPKM.txt.gz	c1621176f148c0eca6b683bcbd0017cb	522449	released	TCGA-OV
0912f446-2f7e-4aaf-9ce3-6abe13149801	0ffb5d54-6522-4074-9c41-8371f284d1dc.FPKM.txt.gz	1f6e89a86cf8dbad17d67450ae83e951	555252	released	TCGA-OV
2091826e-0e28-4b71-ae0f-642f7b4bcb69	e360132f-9b30-4d44-ba1c-68941706d9ee.FPKM.txt.gz	16f5557091f14d297838179fe715dc0c	560179	released	TCGA-OV
8ea31edd-b2c9-4ff7-bc4a-12b3af24ceac	451aa144-4d34-4858-b81e-3458db34892b.FPKM.txt.gz	8023f9a07fc7b80fd8cc4cfe390212ac	552054	released	TCGA-OV
285eafcb-02f0-4814-b7c9-0324f27e7f12	74318679-8eae-42ee-8721-fd38de88938a.FPKM.txt.gz	c6cc64d70cd6d4b6efee4570c7db5259	544143	released	TCGA-OV
f60b5d24-2977-4050-9187-6fd31320f5ae	41c1021b-1086-470b-9907-afe11444ed3f.FPKM.txt.gz	94b91c011d5d2460148453a5b7ec5ed0	546341	released	TCGA-OV
188d185d-00a4-4eae-8059-354d78a62913	701b8c71-6c05-4e5b-ac10-396d245d62ea.FPKM.txt.gz	802aa4f956369a99ab4b41cb09927321	523654	released	TCGA-OV
ad769b72-6b9c-4a12-95df-99558c407d01	65ce7190-f1ef-496a-8e47-bcedd8dce223.FPKM.txt.gz	b0b3dc653b66d21bd1a4da07577e88e6	545360	released	TCGA-OV
22840fc8-95b5-4411-b13e-7adce009089a	a6542a39-6092-4a62-aa6d-51bfba48ef10.FPKM.txt.gz	47edbd7b3c8d52799b3966f6223af985	527293	released	TCGA-OV
913be13f-b26e-4c96-aafe-792c577a2f4c	ac6e38b7-143c-491e-9892-4c28f51ddce5.FPKM.txt.gz	72d7e5493d50b12e70caa5026a627e55	560175	released	TCGA-OV
d94fbe94-efbe-493c-8b26-1237c2532d9d	608f7a0f-75a7-425d-9a82-6bf7e2023138.FPKM.txt.gz	925aca4b827db4035c030f3569505e83	541991	released	TCGA-OV
49a46ecc-b377-403e-890f-11dfbbc499d4	c9e12ef8-5bf6-496d-8c8a-e0596c2f1d7c.FPKM.txt.gz	9f49ba6e47088555bf8ebeed6b802b33	537237	released	TCGA-OV
223514ce-2dbd-4bd1-998c-df4f603c60f1	acaec383-b91d-46a9-a1d1-6eb4764cd000.FPKM.txt.gz	fca69f9d21372c4aaca2eb0a8b93b25c	534099	released	TCGA-OV
11f1dd32-c5de-49da-ae81-5164ca86292d	ec69e15f-b3cf-4f42-94ed-72d80565a1b6.FPKM.txt.gz	4234c67168184f629b8ef60ec21c8558	541471	released	TCGA-OV
11a47d93-e3f2-485c-8e80-605cc44d42d2	5a928267-356d-47e9-b8b2-f477eaa261fa.FPKM.txt.gz	0f3eb58e2a5e77645cf09b0947232f5e	533491	released	TCGA-OV
20d6c24d-1b67-411f-a793-c70228845550	9bca614a-922a-4bef-8a96-c2b71dcaf17f.FPKM.txt.gz	bd465d6410b489878f631cfa65ceb804	544092	released	TCGA-OV
dfe899c7-0a5c-4aed-9fac-6ac2d91acd68	fedd52be-18a8-423f-ba8a-4f9416f11ff5.FPKM.txt.gz	cc54aad6847d0c05a9b766027ee48aff	552628	released	TCGA-OV
e3b0181c-8976-40e2-aa33-eb9ccaea2b62	bf4058ee-ed0b-43e4-bc4e-3343239f187b.FPKM.txt.gz	5f8b1764757f797994ae3114e1d25931	523613	released	TCGA-OV
ffcaf8af-faab-45c3-bb3f-5c497b675b9b	8eb0f5ac-1196-4cc5-b25b-f9e76301772e.FPKM.txt.gz	05a72e0bc4d2284670d3494bd6bf0ac3	547773	released	TCGA-OV
64d1a924-e885-4d38-88b1-f5bca111a263	58f06031-8e8c-4865-8cea-ba65d28317a9.FPKM.txt.gz	d2dfc98575b1a3b49feb307956189374	534174	released	TCGA-OV
9cbd088b-5351-488b-be55-7bd58eb503eb	b4760c72-6405-4b0c-b13b-dbef127b7ffb.FPKM.txt.gz	5c0699def91ac6e7ee8f34bf60a33a63	525299	released	TCGA-OV
9a66051f-00a6-4c56-b23a-399e578ce620	528fc2fd-fded-426d-a62c-af4ba50e9645.FPKM.txt.gz	7c7f0c2e1df0eb98385e49ec377ac962	558713	released	TCGA-OV
24a225e1-ff9d-436e-aa7c-e3654ccc8040	3ef6bcf6-93a8-4c7c-b2c1-9c48fba76b32.FPKM.txt.gz	ed3a72082e0ae47d7a25da0f59948819	545099	released	TCGA-OV
3f5c6b35-9bae-4702-9801-dbce18140dfa	b2ccd224-e50e-4dac-898f-83bda68866e8.FPKM.txt.gz	520aed8a03ba72c7ed7a2d897bf4d47b	516206	released	TCGA-OV
e5ba0339-5dc0-4bbc-adab-8ffed26da24a	38721491-84e5-4eee-92d4-fa8f8cf463f1.FPKM.txt.gz	fde8cbe0316b98acda7439f7bf75f49c	544333	released	TCGA-OV
fb12699f-439f-4db8-8188-e862fa5c1c5d	4524f1ca-c763-47af-8f80-331c64704d7d.FPKM.txt.gz	4c8fff1cb21ce3f1cda692bb8e5ddb4b	555420	released	TCGA-OV
14859d69-d6bd-4415-aa9a-cfda7b6ed545	655c5a8b-a87a-482e-95cf-1519b3146534.FPKM.txt.gz	de20d380965fbe9b1ec9c2304d027b79	547656	released	TCGA-OV
3c03ea30-96aa-4d8c-a185-e30d9171f4dc	4b449f26-ee8f-47d1-9d93-de9ceb61ffba.FPKM.txt.gz	ed6aea70a3e9c190c55063948a3624f5	535690	released	TCGA-OV
5d06bd59-ff04-42e8-98b8-3d11ae1f50e1	fed23e32-490a-4849-b335-d6cc8f0187fa.FPKM.txt.gz	36369c8308303a21cf40ada96f993023	524459	released	TCGA-OV
7c510c10-01dc-4f04-9195-e2494cf94d21	04098317-63b1-43eb-9b7f-e8e619e52781.FPKM.txt.gz	8f57ece36afcd8c92cf622e531c3201b	550870	released	TCGA-OV
1e7dbca4-4cda-43af-a099-f4727b530e78	5784a937-f090-4866-8d8f-e7cbbb3e327d.FPKM.txt.gz	da872ba460329c65d8370353cbf4d1e2	543807	released	TCGA-OV
c2609bb5-4874-4a51-b48e-0da21fc2fa02	fb9c5a20-75cd-49f4-b75f-09a054e72267.FPKM.txt.gz	3d126f38db52e8d8f630a14d5f0ed481	543728	released	TCGA-OV
01686a4d-685c-42af-a5a6-cda16648a1fc	43622957-7bed-4d24-a31e-5fadf41216e1.FPKM.txt.gz	6c0ed9e2f5a58e5b82ad8420d762334e	536185	released	TCGA-OV
ea915c11-0a72-412e-b994-33a7e6b3598f	968544ba-7990-41e8-a0ee-5206ceeb47ca.FPKM.txt.gz	a4936f65a44c75cd18b5cd257f111785	524089	released	TCGA-OV
86339006-8acf-4066-8c62-029267ee75ee	25d6dd26-51c7-40dd-962a-c00abb70c5cb.FPKM.txt.gz	c918f115da84abf8b89f9daa66a10d4e	532975	released	TCGA-OV
90c263fc-7eb3-40b3-a316-27fc93ebc437	29d09b58-3cc2-47c0-b78e-18743eed2c2f.FPKM.txt.gz	7cfbe9b7a5577398c51cb4c499e19610	555184	released	TCGA-OV
19f1649b-5bb3-4dad-bf06-234f498a1ef4	2e01d725-ae04-49e8-9a45-52634cde5662.FPKM.txt.gz	9e01a7d644a6e30812b536098c162b22	548280	released	TCGA-OV
da6bbd3f-ec67-4e34-ba85-1c79944cccd7	b3b1dbca-bce2-40a3-92a4-848f616b98e3.FPKM.txt.gz	4834a4c34020741365c2c755f2fa80c0	571796	released	TCGA-OV
f9eed1b1-7f5c-4d9d-b586-b5b0777b772f	fa2df153-c852-4df1-8499-fe2517dee301.FPKM.txt.gz	ef167a382c6aa9c1fbfd5d20990ade6e	482013	released	TCGA-OV
53a52c4a-9d17-417d-bcd6-cc90501523d1	0d11c451-2dfa-40ed-93fc-261d94f299f3.FPKM.txt.gz	b871f5512b16d729041953764708a64d	567993	released	TCGA-OV
b7beb6f1-f5e3-423f-91cc-02afcf10178b	d0e4aa5d-e918-4156-99ba-14b14a2a9975.FPKM.txt.gz	9eea81a634428d3eeb75785bcb52253e	527359	released	TCGA-OV
18e31ba4-b5f6-4137-9145-8a2495bc5855	5327762f-5add-4008-ac5f-beca30ee5b4d.FPKM.txt.gz	997e9feea3c29b712630fa65b96fb347	542563	released	TCGA-OV
9fa17a80-c3fb-4653-a761-d15eb9ba39d6	b00351d7-1785-4157-9955-aadc2f195181.FPKM.txt.gz	eaeb9334e9095104e996df489f6506d6	563663	released	TCGA-OV
bcd7dc44-b88b-4498-bba6-1f1dcd3352cf	e9841cd8-c4a9-49ac-9d53-6b808d82ca8a.FPKM.txt.gz	475daaa24d4a165590ee8fa91bfe563d	575555	released	TCGA-OV
08db350d-3867-4d87-903d-870b116950b7	1f2dbb8e-0713-4952-a9e0-70fefa263116.FPKM.txt.gz	1c2bae4d403d675ac76ee4345f32de83	519790	released	TCGA-OV
17c3259e-4f29-42ef-9bec-63102aaa65b5	4e4b6800-a128-4daf-a9f9-803b24e04742.FPKM.txt.gz	66c96beebd87fd01ba41f40f6ace164c	546777	released	TCGA-OV
497520ca-03ef-4bc2-9444-a7f0031d6ac3	73ed989a-7f6a-4cff-a7f7-f99157535c7b.FPKM.txt.gz	90eef77d6624bbe3c3290f7207f8aaf4	510908	released	TCGA-OV
d4d79084-9758-4f71-996f-cd90a758925e	01770ca7-0c13-4078-b956-a35dc68fbe28.FPKM.txt.gz	9f6107df34f7db65ef20baec4bc99504	513662	released	TCGA-OV
bedc0d67-c7ed-4ca5-8ea1-83054c3bf9b4	45b64a61-30d8-4ecc-909a-803be9c3ff2f.FPKM.txt.gz	ff2c264294a790dac8f7133bc9bbbc89	523030	released	TCGA-OV
8596187c-3774-4488-8706-98263fe27e62	85ca6ac2-6cec-4249-9166-54a2f0e10404.FPKM.txt.gz	7f274a50af231100cadd97d087e3d4a7	536567	released	TCGA-OV
7dcf09c1-9be6-43c2-acf3-a6582edc917b	253d376e-81e8-446f-ace4-985184741bc3.FPKM.txt.gz	652084c3ccd2f661c725518ef1e9957d	563205	released	TCGA-OV
5ec38a2d-e31c-4c13-8554-0310bfd1b187	48297930-d22a-463d-80ac-52214964f067.FPKM.txt.gz	9d50cc97fe4c3f00bdf4a3c27b14534c	551947	released	TCGA-OV
e5900238-9b1a-464d-a006-edecb772fb3b	7024891a-6a74-45d1-813d-7199707c45c5.FPKM.txt.gz	5adc4923bb1a1043f97700e217c3067b	555156	released	TCGA-OV
214090de-5822-49ef-8ef0-f46f9dfaa654	64430665-49d5-49d4-9ef8-7559cbfcabf8.FPKM.txt.gz	98eed15fc639ac3ed57246dc76ebb288	536741	released	TCGA-OV
353c4ceb-9a3f-4b36-a942-d0d9d05dd3c3	a528840a-20b9-40ed-acfa-46b8b52ffef6.FPKM.txt.gz	d122647646a4126b78d974786af3fd92	558124	released	TCGA-OV
1c099182-703f-4aaf-b1d6-0f9be5094b9a	fea3c4d0-7b9f-4279-989e-535aaefbdfeb.FPKM.txt.gz	a344c91e930a0217efa2b345745f53fc	506691	released	TCGA-OV
a94a3cbf-6c91-45cb-87c0-7d3806640e85	8ed16638-71b1-47bf-9fbf-1e9efee46e07.FPKM.txt.gz	c4e6cd3aa0753a688648308856454c0c	545228	released	TCGA-OV
10497f71-e828-4d35-9c22-f37b1612d7e2	84e6af70-0c66-410c-9fad-6188151ef356.FPKM.txt.gz	8e8109a98a4590bcfe77d1c69f6f18a4	534940	released	TCGA-OV
770f8063-45a6-4ba1-a0e9-7442adba631b	45c99019-ad30-473d-af3b-2fa0ccb819b9.FPKM.txt.gz	1a101f92b15c7cdaf9344d612eea7c79	561457	released	TCGA-OV
1c76b77b-46a1-4ff3-b115-5c1c50aa3566	e2cf2389-07bc-49d0-9426-82a98728a685.FPKM.txt.gz	04159c8e5583a18206ddc07c7ef21988	524276	released	TCGA-OV
cc11c0ca-a050-4bb0-8368-935f3abd7dfc	06199259-c8da-4b44-b957-8148e31b38cf.FPKM.txt.gz	8c0a4a95c0b9f5d38b5bb751e91a8c5d	531791	released	TCGA-OV
f0371bda-1151-47ea-acfe-dad9548d995d	fd638406-d933-47da-ba38-8ffc5046d49e.FPKM.txt.gz	7085f3034fb198f8772154ea4f16452e	556718	released	TCGA-OV
e93803a4-4c2d-4eab-90b7-4e12036b0cf7	3db0253d-7bc6-4d7c-8c8f-fbfefc3556a6.FPKM.txt.gz	0a2f094121e723206ab73bf1538df6b8	528535	released	TCGA-OV
54264bbe-3af2-4d00-a9a5-f1f3815da771	538a1fe4-8e69-4a29-a789-da52c075e75f.FPKM.txt.gz	f7f2dbc2b915faf497d427db858e7b7e	509309	released	TCGA-OV
ea0d99b2-0e1c-4423-ad15-c3577b1f3fce	f920e615-9b0a-4767-821b-201c407730c4.FPKM.txt.gz	cd3cc1d52f24be135f85a22c431b74d7	536909	released	TCGA-OV
5105f639-04f5-4345-b0e8-503587377574	be626971-cdea-495d-88cd-1323e7c23fe7.FPKM.txt.gz	263cb62301b3b076e20107352aade205	554394	released	TCGA-OV
6fcc8bbd-1eeb-4880-a064-faf746af848d	f76c1066-d6e9-4d27-a0ac-0a493d8e85f4.FPKM.txt.gz	36fe5fce445faac02ecda74cb8a2d558	541554	released	TCGA-OV
f2616ed5-ba05-428b-86cb-6488127db3ec	8beaeffb-5e9b-4589-8999-52c3d736aea7.FPKM.txt.gz	bee5090d0aabcc4c68afc28ff3daaaf3	534300	released	TCGA-OV
c15bab53-a89f-4a59-93f1-d2d2192abc73	4c8d97ab-39ad-41b9-b7f9-3aa56f373c2a.FPKM.txt.gz	7dc923f79e7d0415032873bdfc63c4db	538966	released	TCGA-OV
aff513e0-ed83-42cd-a1e9-8fe04f4d9d37	2f635d92-f453-41c4-b5e8-d7c3256877dd.FPKM.txt.gz	bc8086dc9404abf4968b1ce706a0bd1c	569626	released	TCGA-OV
96a6c4e9-2658-4e6c-9a4d-b498b62cbcf8	87fd11ca-f797-4336-8e23-c8c0ccef6b0c.FPKM.txt.gz	8b58bc156a85794105186cade2f9c329	520131	released	TCGA-OV
08b94f3b-6517-4729-89d4-5ec1b6c4ca6b	4b4d6cbb-92b0-4c40-8338-5acdf5f3f2a9.FPKM.txt.gz	3ac2deaccdad11fc55a57b35f6d5041e	537110	released	TCGA-OV
88c550ea-ac97-4ac9-bfb7-df5054a53751	ade137ec-8b83-48d0-9162-4a2f52db5b0f.FPKM.txt.gz	5855ae7b2ada6f161f1ac54925c88c2b	529710	released	TCGA-OV
08664fcf-73b6-4777-9932-4df7ab82977c	4013973f-bab5-4844-951c-c80f34fcb828.FPKM.txt.gz	d4438a741b214e77c33d5e8b6f43cd56	495720	released	TCGA-OV
9b6bed64-e5f0-4f92-821d-ba392ac7afed	790570e9-099f-4458-88c9-1ebe12205a67.FPKM.txt.gz	f69d1bf59be7f2b3071dc3bf49358152	565015	released	TCGA-OV
37749641-ecf5-44c8-a82e-1bd4f532e8e7	0991973f-cd4d-4fcc-bf95-ee735422abb6.FPKM.txt.gz	8d3ca3bad7f4c8fc988687da14c4b11a	532976	released	TCGA-OV
2ca9d33b-5aec-4cd8-8437-cdef5f2db139	ffa465fc-7af9-401f-af3c-bca394a1ab25.FPKM.txt.gz	25c98a271d73b150f25de7f6bc93a101	562886	released	TCGA-OV
deefcda8-c9bc-4aa8-851f-59e784c983c1	f3c8c91a-71e0-4b1d-a03f-06ed0123ce9a.FPKM.txt.gz	470912be64e72112c8454ba036961fe1	539932	released	TCGA-OV
df4dc673-e503-401c-a0e7-77d6baad8392	065393c7-9928-4fdc-9dbf-68ba9c708561.FPKM.txt.gz	0c4d6166a3a81dc3307ab862703b9733	550386	released	TCGA-OV
40bd3ba1-f579-4cf3-9b3b-8699cc88c604	660a745a-f0a2-4439-b3f3-51a60132b97d.FPKM.txt.gz	7175b8227b22274978143aa53a596489	580762	released	TCGA-OV
50cb81e0-4290-4c28-a16c-e954d095c8a4	0045a228-1dad-4ced-9bc6-5067aeee0518.FPKM.txt.gz	95505813118453da81761b112277ca5a	554495	released	TCGA-OV
f51ec426-3e0e-4acf-8076-fc7f75de3be8	8cfe4a4f-7ca0-49fa-8820-99321c22176d.FPKM.txt.gz	fb537dd0eb885a3a7be9488cc24b3f26	551166	released	TCGA-OV
f5fd60e8-ce57-4b51-b9a3-54115e1c066a	3344d45a-7ec5-4d77-8d77-b95aa55b7f4c.FPKM.txt.gz	c041792c7569dd8c536088a866c6ab38	520928	released	TCGA-OV
432b1cd7-e740-436d-8e6e-3a0dd6758d1d	95ce6307-6006-4b0e-9fa7-942551eaf05a.FPKM.txt.gz	0935713fb7cc93b203acf429c76e21a6	510110	released	TCGA-OV
d672a336-260a-4dd9-8a40-70614b1e02b9	f562a9d0-39fb-4062-b535-87a96ad3212a.FPKM.txt.gz	b30479c69936372bea73b761a609e77c	535237	released	TCGA-OV
5eeeb12c-580b-4135-b399-b0fb9d48a41b	3c052e47-a4d4-4e13-a67b-b50fd1b7cbe5.FPKM.txt.gz	79d4c0ee494ae72a7cd0e8b3cd8f86df	540642	released	TCGA-OV
61370e35-9525-4aed-af28-aa0c5fd6702d	6b9a94e7-144b-4a17-97ed-75f7cd311baa.FPKM.txt.gz	e484f85cfc96fdb680c858486b0abf87	517555	released	TCGA-OV
2912ca3f-7029-46c4-8d69-0ba70c76027e	a1ca5d5d-d468-476a-99be-0d6ea90f6533.FPKM.txt.gz	dbe1501b89e44c201b5a9863f32c6a51	563404	released	TCGA-OV
c31428a9-fc45-4668-998d-8f5559ac492b	eb4572b5-43a0-4d92-ab9c-1c5853710297.FPKM.txt.gz	a55ff8999105cd600ea75983048a8009	545832	released	TCGA-OV
4848340d-a149-4ba4-a97c-bf5ec672e1dd	df06bca2-4481-455f-98b2-4c1981698f56.FPKM.txt.gz	5e7a421956810e04da9edb8423b71071	564739	released	TCGA-OV
560eaf63-7d65-45a7-9718-a669bef95192	053f5fb2-8b5f-4252-82fd-ba167a58c23f.FPKM.txt.gz	5d8af1502acde06b342ae1a5e682d95c	540587	released	TCGA-OV
738c0226-8d63-4983-b8c6-c7780505091d	054352e9-a6fb-4f61-b524-2741017c2bbf.FPKM.txt.gz	9a1e099613ee026a93d734ddafce737a	521306	released	TCGA-OV
fbb5ee79-e246-422a-a363-1ec0c0fbbacf	16e1bba3-6db0-429c-bfc8-82f27c8a3252.FPKM.txt.gz	f903f9071acc731fa6ff5c69aed747cd	534716	released	TCGA-OV
5bb5e31b-b37f-4fe5-bb54-0a139b2d9209	89758e34-511b-465a-81db-2af07f047d5f.FPKM.txt.gz	e6b6bddf3866ec7a63cbda4e436b29a0	522030	released	TCGA-OV
57a9da84-3f91-42a9-9159-ca1c83b74904	1ac930e3-e67d-410d-9182-44d85799fd18.FPKM.txt.gz	bbace8d16beab785909efb52d1a61074	535884	released	TCGA-OV
398df99e-ef51-443e-885d-d1754b8db466	db2f54d8-82cb-48b2-a3d4-1fb7daa8e75c.FPKM.txt.gz	927b8395f1d627c6af6efb453e73c5ff	522340	released	TCGA-OV
965d50dd-64c4-4a03-8ab2-cc735dcb9882	88f9c446-a966-4131-b379-63e3cc1b7aa9.FPKM.txt.gz	1fdc4f08e52a643656bb0da8763518bb	533964	released	TCGA-OV
3f65b11f-73da-4567-b00d-dfeab740b0d5	dabdc0ac-e436-4140-ba66-52a7d7c50ee0.FPKM.txt.gz	710d72996a8f19f656e905568d47bb78	536080	released	TCGA-OV
a5723da6-562d-4a12-ba00-6c079e2475d7	517d7f3f-2ea0-4452-a743-8d0e3083a1bb.FPKM.txt.gz	47c58122fa747e0436198e94430f28e7	527963	released	TCGA-OV
31885347-c10f-47dc-a44c-8a0808309aa2	1475a657-0f90-4308-a59f-f6c51f60216c.FPKM.txt.gz	476981382e1b4aa0052a0ab2a044ecc2	537643	released	TCGA-OV
9dac372f-f63a-47a9-aa96-ffce3c4eda7f	2ad2adf3-212d-42e5-87df-a4025e900584.FPKM.txt.gz	4fedc9e26b1e5fd894b2c3f2ee4e4fd4	560919	released	TCGA-OV
fe3a0e0a-beba-4308-9814-14a8bb39aae8	f7d12919-2133-403d-9492-155e4666fb94.FPKM.txt.gz	72791875840174cee3a3a34679625e92	554200	released	TCGA-OV
77ab036c-692f-429f-a6d1-fb5cc7145d96	fd15971c-b78e-4bba-bf87-59cd758b7cc6.FPKM.txt.gz	15778c93a8d64115edecb487a25e65dc	514185	released	TCGA-OV
ad51b40c-43ec-4272-9614-a37b90feebd2	da436927-a3f5-4f12-b63d-d6f13f436ab7.FPKM.txt.gz	d86ceaec0e3226d0f27ea62ce53fcdcd	535137	released	TCGA-OV
4099b89d-e41d-4541-999a-193558588e9e	16417d82-1ae0-4097-85c1-5e2df313fd35.FPKM.txt.gz	275250e006aba5e2862341d37955789e	521130	released	TCGA-OV
30c9def0-c3b5-45b7-a427-020b735c836a	ab8603dd-2f94-4c83-9927-455958be0007.FPKM.txt.gz	c82b63def1fcc6b9d3b5211bcbfcf26c	503463	released	TCGA-OV
72127b62-1482-4c13-b3f5-efb61e409cb0	81830d92-01c0-4607-888e-be947ccae6e2.FPKM.txt.gz	e2794f93b159376e8f43b77a18a2506c	525397	released	TCGA-OV
f0801583-c1d2-48bc-8f7c-f4f70c5f5765	8166ba38-a099-4a07-8271-0587fe8d10d7.FPKM.txt.gz	d0f068dc7dbe45b4be1d8a66a3036974	558682	released	TCGA-OV
2949efc0-6df8-42da-bd59-997eb2975a6f	b28d6dd2-923a-4160-8876-7b0fbb7a7a26.FPKM.txt.gz	46851d7282d49a038940668d70c4f749	567346	released	TCGA-OV
5e8d1839-40ab-432b-9262-6a72540c5e18	9f223240-1020-4450-a6ec-a6168a9211e5.FPKM.txt.gz	968c18169c965ee682a01222ecffb1e6	568707	released	TCGA-OV
81c89a1f-19d6-43df-aadf-3db83979a15f	ce511378-d8f8-494e-a07d-2e0dbed68bf8.FPKM.txt.gz	6d82eb3ca6b62b27a1deb79dbb09eec0	559993	released	TCGA-OV
49f0b5ee-47cc-43dc-8b16-7db85995300e	0fc26774-1494-4578-97df-7b4fee07483b.FPKM.txt.gz	ecd66b478c901fa877a174d020ccbddf	565829	released	TCGA-OV
cdc4569e-2730-4c13-8afa-a5fd910fc615	0315439e-694c-4b14-a27c-29dfa117c764.FPKM.txt.gz	87bf4a09c788944cbccdc449ce941ca5	530968	released	TCGA-OV
110a3774-e653-4d30-9292-4bc75dd018e9	4fc22ec0-632d-4491-9d3e-99878010a689.FPKM.txt.gz	0adeef345ebf449de2b0c52be29a0eb3	523295	released	TCGA-OV
236f5a99-df45-4747-8c7f-f5aa49ce2a85	c62a3590-7d1d-4a46-b021-279e7a36b77e.FPKM.txt.gz	58d110e384f2281dcfe4065aba6b3a63	536281	released	TCGA-OV
30a9898b-b450-43f3-a8f2-6731f19c0ea8	e5c1e1c2-d80c-47a1-9f18-8125b186b1cd.FPKM.txt.gz	b7720172d1f4916e20d099aac42020bb	515033	released	TCGA-OV
776a95b2-6ae8-456b-9f21-1f4be9bc52ae	d3d0227f-bf96-43be-aee0-d11518748e11.FPKM.txt.gz	614158015af3a0ee5b26f687272930cc	551587	released	TCGA-OV
89c042bb-0193-4b17-8995-33c4a05faaa9	b5381bca-ac72-41f2-840a-f7f23382fdd3.FPKM.txt.gz	3e29073d69a5d6f5e3d53ddde5cda244	545006	released	TCGA-OV
cd603f7c-5fb3-409f-9257-b4051e4a360c	75303476-cdec-4ae4-aaf5-01abdc3213ab.FPKM.txt.gz	6ba37d4f961fe68ac11b341d3008c067	548155	released	TCGA-OV
6e5c5a2a-a96e-4e31-b60e-b6080dee4b91	61b6a3de-8bb2-4fc1-85d9-849c823d8fd5.FPKM.txt.gz	4e16e1c58b37ad459a346051414ee940	556909	released	TCGA-OV
9e6babcb-e3be-41dd-abd5-d8e63d275be3	a6c5d247-364e-41c4-8a89-dda2410dd3af.FPKM.txt.gz	f689ece58cdf78d037f1f4c7b2b735ab	517522	released	TCGA-OV
5deb1d38-ddb8-490c-b826-3c9e6b710433	f10f8b8e-c6e7-46e1-a97d-08f90c76b539.FPKM.txt.gz	89f6750227ba7de0f3e01655ee693b48	550565	released	TCGA-OV
27754dd9-e807-4a70-b7b7-cd998a843b07	c255d022-a659-42bd-9099-6853b41b64c7.FPKM.txt.gz	28586b024a72a1d771c070f40a1a0bf5	549490	released	TCGA-OV
97164b6a-591d-4a4a-a252-aa75a340e367	d15fbebd-39c7-4714-b6f3-fe920cdd8bef.FPKM.txt.gz	ad78178206f9204337a1481144d1dacd	531569	released	TCGA-OV
8722050f-1538-4f85-8400-d68c64ff8ac5	60fdab7c-849a-440f-815a-c67741e1106c.FPKM.txt.gz	1e978e798adff31e292bc027d1b04cc9	536021	released	TCGA-OV
da0128e6-2bf6-4c07-9dfd-5a6bd20a14e8	726b125e-47ab-43da-9737-f8cba68fbeae.FPKM.txt.gz	1d7b7811371e0cc8817b173c4a1bddc8	526434	released	TCGA-OV
ec157bc9-0b1f-4ea0-8d75-05ec4e4bc931	7570289f-debf-40f9-9e2e-c5acf19626f4.FPKM.txt.gz	9c5fab0ebf2f460d8ec4dad7121eb602	560510	released	TCGA-OV
da63fb6a-a8d9-46d3-ba37-6d82fcbbd69e	9d904376-a13a-4827-a3f5-3772f579e5dd.FPKM.txt.gz	ae40c46d63d805e4b7cb0f5b6c79aad2	547798	released	TCGA-OV
2f7ccd92-eeaa-4d6a-9f3d-ad33d5541b85	30bc60d4-7bf1-474e-a2f9-3c1108820cd1.FPKM.txt.gz	942ac08a5dcfb4687124d112c02d454a	557738	released	TCGA-OV
0a176c20-f3f3-4bc9-bfe2-b2469e745025	01eac123-1e21-440d-9495-8b7a4166249f.FPKM.txt.gz	b40921f17128a91f502355fdacb536a7	540592	released	TCGA-OV
02c5f999-95ab-459e-b523-f8da91da8768	3a34e792-461f-45f5-9c4e-a29deeef9ce2.FPKM.txt.gz	7e6c85375987812531b13111b781764b	532665	released	TCGA-OV
7c849312-1bba-4b10-893c-d2abedb2d879	97d62176-1e34-4508-886b-df643f8a7e75.FPKM.txt.gz	640d43b8ffa42acac814590ee7928467	544971	released	TCGA-OV
b5da6200-e3ff-407d-bcec-ec61b60c2b55	1db081ff-e475-412c-9f55-fc5face40558.FPKM.txt.gz	fd9bf2d895e9f166f394571c8164b596	560435	released	TCGA-OV
dad181c4-8fbe-4253-80d0-c12377a6c4b1	8fc333b1-b2ee-4eff-afa9-8606b282a341.FPKM.txt.gz	4187ab54c0ed79ae8742a122c142cfcf	562425	released	TCGA-OV
b5b2793b-9d86-4a73-b5d9-474df21c9450	51b8dd7e-1686-46bb-9a29-b0a368eaadcc.FPKM.txt.gz	0007f5f603c60a19e08bfe6b22657985	536253	released	TCGA-OV
a68cb872-8beb-4f2a-9e46-13e8887d2b9a	e8bd5099-de91-4c44-8573-f5eaba611dfe.FPKM.txt.gz	2fff70dc18f10264b412341956ee67fd	533699	released	TCGA-OV
1cced8e3-b622-41cb-92bf-e6cc3d487ff0	cf3d8158-3e8d-47ba-8569-e976c8e8e1a6.FPKM.txt.gz	179a89182ec21f5a578ce4001c272eca	515267	released	TCGA-OV
7e03146a-602a-4cc1-96ea-129670518dd8	24a828c5-596e-4a8a-ae44-9787841c6978.FPKM.txt.gz	1e5a8aa1b0a542d509b483862279ca30	521036	released	TCGA-OV
dc002ec5-c70a-476c-aa49-781579b3010b	9a111391-cea9-47b0-bb5e-2bd19ff09a5a.FPKM.txt.gz	0bba6ba6b1c4522a60b5f256e87ac3f3	569007	released	TCGA-OV
cb5010b0-c5b4-4f0e-99cf-9d96d0e49df5	ab89687d-2019-406c-95e8-a189c13c9fc0.FPKM.txt.gz	bd8b20ebff45956f46440a5e0faceccf	550800	released	TCGA-OV
94ed3a06-2142-4cab-be27-edb2e90995a6	f12b9d7b-1b32-43e9-a496-0794db75f69e.FPKM.txt.gz	4283651a7922ea4900fd7396f5533cec	562711	released	TCGA-OV
fa0435f1-6b00-4647-aadb-955bd7e9905e	c9689d9f-6138-42a8-a58e-1b44dc4b193f.FPKM.txt.gz	6fa829304b13dfe145478bd90c44ab91	541132	released	TCGA-OV
d1e3165e-7721-41e1-b3c2-3463b339d90d	b269c35d-7f91-4c66-8bef-59906ec87745.FPKM.txt.gz	ee8f2b32884b025502cc0ef12777a514	561447	released	TCGA-OV
5e60c571-23d6-4543-881c-6b176685553f	85c382ef-b9c1-4c1a-8ef1-5a2fbbb5f72a.FPKM.txt.gz	e2b8ab444ed5d67dfc4210d0d3fb2e81	561094	released	TCGA-OV
090fda2d-1a29-4b6f-a153-b4fcdf3b43a4	1e918517-3a1f-45ae-953b-b65ecfaffd2d.FPKM.txt.gz	9ab7113609f8ed6ec28c7d883c385aa2	521012	released	TCGA-OV
aa74bda4-fc14-4474-a926-f392a196b5fc	95595a36-1582-4fb6-bf79-f0111b0abfc9.FPKM.txt.gz	a3f2755a2f66959020a354b430626992	577932	released	TCGA-OV
84700540-10bb-445b-9285-f99e9b8ddb8f	15241763-4cf7-452e-bc24-b3d877348b2d.FPKM.txt.gz	28ec4b89e2874ec91457d49bd5ad9f05	513121	released	TCGA-OV
d80ebe63-64ce-4098-a63a-7bca6064e240	3788684a-b405-44fe-8d09-4e40a46d5214.FPKM.txt.gz	4feddb09111285b9fc4140ae216be81c	549225	released	TCGA-OV
44a4c02b-e256-4a79-8f64-51594d3c5dca	24b7176d-483b-416e-8ecd-d3beae934fc3.FPKM.txt.gz	2bbfae848b45a5aa7848aadadfede822	519395	released	TCGA-OV
519f31d4-c9e7-4877-acfa-172de3012f98	78362a69-6a41-4c14-8e08-4fd7773ce03a.FPKM.txt.gz	576a0b34ec54bde097d7718767482ca3	552670	released	TCGA-OV
73657b40-8ade-4bd8-aefa-723d8593c15f	654acb8d-c1bb-42b1-91af-4f0b37abf02c.FPKM.txt.gz	8bae9ea9ab5f7691f4f84e5b69a53f47	573921	released	TCGA-OV
4626e3f8-38b6-4db4-b119-71e34dc4af24	a6bbe2d8-2f21-4eaa-b2ed-4da1ff48054a.FPKM.txt.gz	a53507262da21e20f3ca2102966359d5	561143	released	TCGA-OV
065a1417-1f9a-411d-aaff-d16d99fa8031	ce9deae0-fdae-4c71-baee-d9054fdd0f77.FPKM.txt.gz	b458c90d12708e872692efe81e2ff9af	497489	released	TCGA-OV
030f12af-2775-4a50-9cba-97b758cccfe8	fa3553e7-0255-4d60-b8c9-3caba0d945cd.FPKM.txt.gz	a71cf5b439867f6a30c0220010b25e6b	554498	released	TCGA-OV
b379df5b-dbc8-42ff-9e62-be7504fc3604	7b6e2a12-c537-4f1f-911f-d430bd864d2d.FPKM.txt.gz	17aa5d5aacdecc1077dcd21205221159	547120	released	TCGA-OV
eb8a8690-cad3-4516-8104-0a6008607b85	ff2264ee-19ac-4f74-b3fe-eaca826ea493.FPKM.txt.gz	382aae85cf8425db18628fc2f568ba67	533711	released	TCGA-OV
92d2fc8c-043c-4dd5-b670-f44765f75837	7d1a066f-8791-45ff-98e5-f4eb3d1e1d8d.FPKM.txt.gz	7f48e9f9fe6628d1c31b5271af5e498a	526849	released	TCGA-OV
cd15cecc-b71d-4830-84d4-d44f54136392	aa77a3af-80ce-44d2-b227-faec0f734468.FPKM.txt.gz	6187238b97a74b4620d478dbab1a68f1	557309	released	TCGA-OV
7f5076b3-9f76-471a-ae4b-8a8ba87b510c	4e63ba56-ce7b-4f2a-9b87-aee011ad13e8.FPKM.txt.gz	dc5c5ee39027df6b9e752d58edcad919	568842	released	TCGA-OV
0e05d5f0-3b43-43cc-a590-224fa26844bb	462e7d42-19b7-4e95-bf2d-d2a66852f6cd.FPKM.txt.gz	c08170e6726fdf584d1b892742f0adf9	548647	released	TCGA-OV
264ed26f-2f34-459b-8b1a-7fa6892e8d4f	36a15497-1f35-446d-886f-ea34196a5fdd.FPKM.txt.gz	83ef4ec7eca4062b409e5d7004e5788a	551818	released	TCGA-OV
03739781-bd41-47d8-9bfa-66fc2264eb67	1d6a0834-0561-4d45-813d-1ea499b613c0.FPKM.txt.gz	3e51ca164fb093a5a103491d37f319df	547006	released	TCGA-OV
3df2288f-e8e1-4996-9daa-bb65fa2935f9	6e6ab126-1ab3-428c-b780-a1a98c475154.FPKM.txt.gz	c6a328a9c24b3f6f01faa5a819e8e18a	517853	released	TCGA-OV
29ec8d3c-4557-4715-b7ed-92031c45ceb7	e8b90f89-c047-404e-9e04-5589ff43495a.FPKM.txt.gz	51b52e3f385f834e83ab565bf75fd661	577058	released	TCGA-OV
d7b9e4ef-01bf-49aa-b7c8-945073c57ffe	de855db4-12d8-47bc-855b-96f61d306541.FPKM.txt.gz	bb0826eabeabb292a72c8bd73408762f	511191	released	TCGA-OV
d386a312-190e-40f8-85b9-9022ab696d91	86cb28d4-5dcd-4e7e-a4c9-c5a5b16a9739.FPKM.txt.gz	90055bd6e2f7a959bafe74fa2ce1fad6	562147	released	TCGA-OV
f2b3afa2-2c72-4a53-95b8-75aad29aa904	1ade6fa3-de71-4760-9760-8abc10963255.FPKM.txt.gz	947792e69dabca9957f4b9a758a1ff7f	515232	released	TCGA-OV
5b975486-3616-4036-aa46-a61fc486b72a	78c27c9c-843b-4e6a-a36a-1aa4dcb8decf.FPKM.txt.gz	48d3b7dfd98b3532aec58cfa1e42fc81	557488	released	TCGA-OV
0c3730e5-1fdf-4519-bca9-8fb1753d5a1f	9e51cba1-f13e-46a1-b37a-99e6db2d6134.FPKM.txt.gz	c9b30ded7d42aa479e6e0134badd6558	558637	released	TCGA-OV
8b555321-89cc-44b3-ada6-24170c0d6b59	f7722eae-ade1-4087-a6d7-aff561972b73.FPKM.txt.gz	0c25d4d995c05163a58bd39c930d92e1	549788	released	TCGA-OV
302f9260-5ed6-45ff-b6e7-5ac334793b4b	211b9b7e-5a5b-4da7-b75c-4a0a738cdaed.FPKM.txt.gz	41b3bc2e28edba3c852bc458b71b2b1c	553541	released	TCGA-OV
668837f8-4113-42af-99e9-a070879eb304	e4a4badf-b4f9-4729-bec7-191867c7c229.FPKM.txt.gz	6d1e724a609083f19bf54a308fdc87b9	555675	released	TCGA-OV
4060a9d4-525b-49ae-845f-d3d8da0e2d11	3fe6e5df-486e-4887-b79a-89a1591f4a29.FPKM.txt.gz	e73147ea47cec7dedd4c6c98b9a72391	554335	released	TCGA-OV
abe68289-aee1-447b-81f3-1d92a9c9bddc	40b41560-b08b-47a7-8149-b73c9d00d25c.FPKM.txt.gz	b932f816048fb3133f0e9982ff308b7e	506467	released	TCGA-OV
742cafc8-4ffa-45df-ae25-f831f161a257	a7ce619c-20e3-4a20-adee-1b1d0c367e76.FPKM.txt.gz	2d190027aadb31587b1d07412480c258	567069	released	TCGA-OV
e0942351-498c-497c-8d18-055557cead29	b64ef80a-d41c-4f92-a3ed-e43d55abb2c2.FPKM.txt.gz	49c58c8e980d637646e14038446a6628	545540	released	TCGA-OV
bbdac6db-5362-48fc-866c-94720ce421c8	45197059-d0fc-49bb-819b-bd7621427236.FPKM.txt.gz	e51d0355e4c5e9c945f341f644cd8d75	537717	released	TCGA-OV
12a8baa4-6e01-4825-9d87-f297e551c0d4	623e04e4-491d-4381-8c11-b64ece9a4c31.FPKM.txt.gz	4414cb140ac657fb3ac9212b5f472577	568774	released	TCGA-OV
0ae8c514-be1b-4ed5-bcb9-2441f504a07e	ba8ce34a-28bc-485c-af2e-1c835c351997.FPKM.txt.gz	2d81b998e2b1b29b7bf07b24ed3101ae	551579	released	TCGA-OV
1a24a967-64c4-41d2-932f-5379aa291c5d	b14d1cf5-7063-4d0c-aa27-bf2802102751.FPKM.txt.gz	2f108247a00bd70ee3df11f268aa81d4	521237	released	TCGA-OV
6e21e842-d776-4d9f-ab3a-c882eb8d897a	cbe087ce-2924-4c5a-b307-51c80b41d6d8.FPKM.txt.gz	b9363f2fab696c959e3d4fad6c5ec862	541821	released	TCGA-OV
593af044-9ac3-4a9a-83f6-3a100262da8a	347a8eeb-204f-41df-98d3-61394d2b7cd7.FPKM.txt.gz	a37e61d49f7d69e0db2e577b70ffc25f	546043	released	TCGA-OV
83309658-43d7-430d-8624-8e86d60e9925	f9bf79a2-9d3a-4df1-a03d-5a9dad5b5fbf.FPKM.txt.gz	a058b88718cdda52f4542fa249948675	550689	released	TCGA-OV
e2d47640-8565-4383-b2dd-0d3e2762e3da	b2552f6f-dd15-410f-a621-195d90f44831.FPKM.txt.gz	e05190ed65c8a8c70c3fbd4afe17339e	543367	released	TCGA-OV
531cda6f-8a72-4aaf-855e-61260219ad23	a46fc22b-4074-4184-b471-c372139f9486.FPKM.txt.gz	54ee58fb666ffc912a20851cc4b3ea1e	536665	released	TCGA-OV
a221b3f3-49ea-49ba-8092-1d26848426b1	760e59a8-b3bb-4d63-9e0e-23b5023546a4.FPKM.txt.gz	4dcaec4066ea88948c9059446c2d22f1	523056	released	TCGA-OV
c3edec19-0c15-4ddf-9648-4827ca954615	7707599c-51ca-4801-adf9-1c9642254fdb.FPKM.txt.gz	e97e7ef2d3890631258268c381a31581	548698	released	TCGA-OV
1b2b7bea-8133-4226-80af-4bad030e3e60	4b63696f-c8f8-4601-8751-d8efda9224a3.FPKM.txt.gz	e53429650ef1dc41384d3fc61f0c0fb7	535110	released	TCGA-OV
e3b2511a-ab51-4ae6-ac7c-81d58f47b305	871da002-8649-42bc-8ce4-9d2a8ff66213.FPKM.txt.gz	9b7cbbc075406eb7e2d0585644f87c62	548936	released	TCGA-OV
f6e7d013-2fbf-4f48-9f23-5dc7f096d410	2df4d9b2-5c9f-4952-bd5b-62f1a244f5f1.FPKM.txt.gz	6a11469b794bfb290e5a86f6a5090b58	537921	released	TCGA-OV
5d4fd248-08af-4aa6-afa0-0ea0998e5d3e	bd0abda0-f330-40f3-b06b-1f6c8f5c667a.FPKM.txt.gz	ff6ce5486bf5b5c41443370f3201a8f3	515718	released	TCGA-OV
81ea96cd-ee14-4fff-9766-1ed2347b81fe	f6a67523-d202-4ce7-af2e-b2cc4d8db20a.FPKM.txt.gz	e745f4052be43e7c9a17b6e70dabb5e1	537851	released	TCGA-OV
3e93dbea-a0f7-47d3-8105-a88aed85f6ff	7d5d98d6-91b7-470f-879c-8e83ab4d3fc6.FPKM.txt.gz	e64e5155d1237b9c01500abd0c0bef80	517701	released	TCGA-OV
14b6a2fc-a341-4912-8d90-e7e6faa73782	d73c0f69-ab9b-4408-bf89-aa34bf829351.FPKM.txt.gz	d7a23f26e37c7619f998a2320593e02b	547632	released	TCGA-OV
94246a24-e657-4d42-a4dd-a297f97a784c	cebba8db-616b-49a5-ac4c-c3bee701e48a.FPKM.txt.gz	ca23613f7cc3e1d820d1475c81c493fa	553828	released	TCGA-OV
6bbf6103-7422-4d3c-bc97-3f6a2e391d0e	75fdcd7e-f701-4c93-b3cc-22ff09b770ad.FPKM.txt.gz	2562211205a7339ee6e05894d631a8ac	549251	released	TCGA-OV
196aea4c-2393-4d4f-aa12-20c7e148aae8	7394d96b-2719-4eb4-b776-439171584f2a.FPKM.txt.gz	50f6c6e9a8ca755d9daa7fcf8a38cb5c	527219	released	TCGA-OV
5dc88bcc-a4cf-4638-8d6c-c0a0d5d9ff05	864f36c5-41fa-4f90-b737-e164ce1eb845.FPKM.txt.gz	572288be22a4dfbfffdf3c15fc6cea8c	534206	released	TCGA-OV
b7fa33d2-9d16-480a-a91e-3ae25ad24122	2ad549b2-56d8-4047-a398-cbe1f6295722.FPKM.txt.gz	dcb040881a5a6753d327075faca36398	562291	released	TCGA-OV
9e001739-cc7e-4814-91c8-00778d5dd9b3	7ee8ec85-e646-40c4-beef-5b8e8ab35168.FPKM.txt.gz	84f66a02b325227c2c2ea1ad583c6ff5	505627	released	TCGA-OV
0fecfc29-aa7c-46ef-a35f-9a8f705d5d27	d0744791-f4c0-45c7-b233-c6512f3c766b.FPKM.txt.gz	0f350b8b837938a75de466ab8c4e22cf	533813	released	TCGA-OV
28c5783a-a930-499e-abd5-8456a64d9f00	9facd5d5-33cc-485f-b80a-b613f936f2d5.FPKM.txt.gz	a0d45cf09579f9f943b5e88f1516933d	542221	released	TCGA-OV
18764b78-5f8c-4921-88c8-578c1dd9e9d2	178c423a-3ae9-4343-aa81-02292024e421.FPKM.txt.gz	550833b1cc5d2cc0594b15b2c8f736b5	499772	released	TCGA-OV
e8a239a0-626f-45e0-b639-bd69dc5dc7cd	659a82b6-9aae-4aed-8df7-964697ad1640.FPKM.txt.gz	9355e3c1f55d9b04c3bc89350e3389ea	541284	released	TCGA-OV
ce96550b-3f26-42b6-8780-ee00fe742952	94823ae2-8fb8-4be7-b2ca-88dff791b29b.FPKM.txt.gz	ea6851686e5293dfc23682022a120357	537098	released	TCGA-OV
1d8ee160-1583-4f30-b4fc-4c8309d6bbca	42d8c04e-0355-455c-b982-581727f75665.FPKM.txt.gz	df5d6bdc7a307bb7574b8285ef9c84a6	557748	released	TCGA-OV
e706a959-8f95-41db-994d-eeff6c010e2c	9ac17699-409b-4750-9317-aacc8c04da46.FPKM.txt.gz	18a67bb46a043507a4d24dd374797813	553421	released	TCGA-OV
850166e2-857a-4132-ae67-aac3ded3c524	7a7e4b6b-de2d-4e49-bcbf-c705164477b9.FPKM.txt.gz	3fa74f15ad08127102c21a7405653312	525912	released	TCGA-OV
cfdee4c0-7c49-4171-baad-73afd73494c6	3146c2ae-ff5e-4097-8005-f4d261af032e.FPKM.txt.gz	028bf5fa558a9ab25a8914e48da624dd	507717	released	TCGA-OV
13aef10a-fa29-471c-b415-a6b2c4bc2913	7a181264-18d3-4a81-b8c1-43e08ddab953.FPKM.txt.gz	08eb842b6389c087ab42998fc768a067	540230	released	TCGA-OV
6e2aa68a-f294-49b2-9700-c9e797c143fe	68975d5d-407b-4ceb-96d3-8e2a37ca3c1e.FPKM.txt.gz	b56fac900d79a57cfc0c90330ebcfd8a	540007	released	TCGA-OV
f062b2ad-6218-443f-b548-b821f18ef213	1902f5f0-8474-4f4c-a17b-f813fe02ca58.FPKM.txt.gz	b178348505af024f20a36edf44eae515	540654	released	TCGA-OV
9714007f-cb6b-40f8-bfa1-fec7a4d2c178	16b391ee-1f65-4665-bf34-5447eed6800b.FPKM.txt.gz	31d06c8199dd4707380431c9a7d4fcdb	544682	released	TCGA-OV
4a6571c9-cd40-4ba7-9860-704f22052005	9d2d7bcb-8af4-4143-bd1c-b7b5a239795f.FPKM.txt.gz	71e3716149af3a3c9e39c6889ef5452d	532717	released	TCGA-OV
6c4dbe90-a3d1-4708-b08f-3ddfbaf88c73	882d61db-f3ae-4c4c-8d2d-32c18b597624.FPKM.txt.gz	9dbf6c43c46d24ae67c27bf11cfc216e	551632	released	TCGA-OV
198893aa-3e4c-467e-9361-a901747e5d99	4e618fff-4f1a-403f-bfb7-3a613758383c.FPKM.txt.gz	b394c5edbc02cddae4780a64cbaa1416	560958	released	TCGA-OV
a0974061-dfcf-4a5d-88ed-1da12426bd97	aea568b9-f9d8-4458-89fd-894c9e9ecb57.FPKM.txt.gz	fafaf7b1928ad8111aa7669314691312	563436	released	TCGA-OV
6f54deee-847c-4da5-8024-eb61d4e62990	edbf38b1-342c-44a6-8d6f-b5bc871848d8.FPKM.txt.gz	db5fcb61cfa6848ebadba2883f21a813	509807	released	TCGA-OV
b27fcadc-4dc0-4ab2-ae35-80979193af5a	eb329194-22d5-4675-a982-0c2dd8e5a324.FPKM.txt.gz	62b86a4bdd9cacd6ce0709f8b5a2c8db	541322	released	TCGA-OV
0e83ab2a-f34d-47cd-bd42-26fc3a6eed66	cc7bfa3f-7301-44d4-b29a-35905c59eae6.FPKM.txt.gz	f5882afb34df5d6bcd58993c5d9f91d5	563142	released	TCGA-OV
206459f6-7930-463f-8032-07ce7ad4fe98	d522e111-8a5f-48de-b894-1bf7505bda98.FPKM.txt.gz	1e92a15916ddf3b13dd1a3ccec79fd97	539533	released	TCGA-OV
d7d09cbb-151d-4600-8ad4-28b7d4046172	f1b52b3a-9748-4862-ba4a-a8f8e8a0166c.FPKM.txt.gz	306dc3ffd89a7043d0168d186ae89dc1	534895	released	TCGA-OV
9c4f7016-a1cf-4e28-b74e-3e0d05e48dcc	825ebcdf-3e59-4d89-9f6d-b27c7dc896d1.FPKM.txt.gz	60889aee4ea9bbc05547e6a4ebe13955	542618	released	TCGA-OV
1a111a9e-bfbc-43d8-8def-8faf2ffd3083	9c330249-5ea7-4795-98c1-9c8f2cea6ac3.FPKM.txt.gz	9842614a49f6b9cdd7deeeaaead6f5f3	550116	released	TCGA-OV
c469b713-b5eb-45f4-8562-aca7d9f5e6d1	eeddee84-15ec-401f-95ee-de2bb7015168.FPKM.txt.gz	6142a426bdbe7537210fc00c7b03ebbb	545236	released	TCGA-OV
756203dc-4d95-4efc-943a-3429cd252541	d143ba0b-3878-428d-9432-2a179a9abf8c.FPKM.txt.gz	c88648a6df1be6ee691c2a72f19efe26	515302	released	TCGA-OV
8984a0e5-10d1-469c-bd6b-5017d09dce57	276e88b0-deb7-452f-9499-bd770c72f0cc.FPKM.txt.gz	028a527cc38c9eff2103f41fb47173e1	539949	released	TCGA-OV
353f085f-8cea-45af-a045-0bf259919fab	678a3fad-2c4a-450f-ae1e-8258fc8a618a.FPKM.txt.gz	8e2e4c9bb1be64ccaaff1ce5c5b86ebb	533714	released	TCGA-OV
f5e83be2-f0cd-40d7-8455-26691fc66b01	5cf0bf40-6b9a-4bcb-a88f-7256a298c5ef.FPKM.txt.gz	76df8844b2216dae7446f8c1a33f89f3	537557	released	TCGA-OV
a3f62c30-57cd-4af1-89ea-597463fa81d5	a26fe084-f208-423b-ab61-6d34598c9cad.FPKM.txt.gz	0793eb2c6941b0645ef79943b6bec6bd	548902	released	TCGA-OV
5458573c-b1c0-4589-8ab2-2e9e1d841abf	ce515bac-2166-4e01-a3f7-fa822fe8b7d5.FPKM.txt.gz	727c360221b6f5ab6a001977aa84f8f5	535630	released	TCGA-OV
06ba6702-d9f6-4c09-b6b8-012085b771b8	c29d7649-364a-4fe5-9dd2-9f8937a565e4.FPKM.txt.gz	2ce1eff8cd30b3e94dbd63784672f014	549111	released	TCGA-OV
